first_name,last_name,email
Quintina,Domenichelli,qdomenichelli0@nba.com
Dennison,Beastall,dbeastall1@spotify.com
Genni,Freeland,gfreeland2@sitemeter.com
Sam,Scotting,sscotting3@google.ca
Ryann,Sorrill,rsorrill4@wunderground.com
Brittni,Doggrell,bdoggrell5@gizmodo.com
Haze,Durston,hdurston6@goo.ne.jp
Forest,Shernock,fshernock7@addtoany.com
Ailbert,Vampouille,avampouille8@fastcompany.com
Ardene,Yerrill,ayerrill9@1und1.de
Vernen,Traice,vtraicea@statcounter.com
Hartley,Nisius,hnisiusb@nba.com
Inge,Hain,ihainc@usnews.com
Natalina,Killingworth,nkillingworthd@issuu.com
Graig,Patrie,gpatriee@merriam-webster.com
Maitilde,Mackley,mmackleyf@yellowbook.com
Albie,Grimsell,agrimsellg@theglobeandmail.com
Skippie,Annies,sanniesh@microsoft.com
Vanessa,Sixsmith,vsixsmithi@delicious.com
Hermia,Tharme,htharmej@artisteer.com
Burke,Lawfull,blawfullk@examiner.com
Markos,Safhill,msafhilll@ca.gov
Reinaldos,Dady,rdadym@facebook.com
Shawnee,Haet,shaetn@indiatimes.com
Ediva,Bosman,ebosmano@flavors.me
Barr,de Zamora,bdezamorap@arizona.edu
Ofelia,Rathbone,orathboneq@opensource.org
Neils,Puckey,npuckeyr@youtu.be
Annnora,Peeke,apeekes@networksolutions.com
Maybelle,Northley,mnorthleyt@mayoclinic.com
Kristal,Winridge,kwinridgeu@123-reg.co.uk
Gwendolin,Margetson,gmargetsonv@baidu.com
Had,Bartholomew,hbartholomeww@sourceforge.net
Huntlee,Merlin,hmerlinx@google.it
Joellyn,Marty,jmartyy@stumbleupon.com
Ezmeralda,Warlawe,ewarlawez@goo.ne.jp
Chen,Watt,cwatt10@prnewswire.com
Claudelle,Bortoletti,cbortoletti11@studiopress.com
Emmalee,Daintier,edaintier12@sfgate.com
Weidar,Petkov,wpetkov13@uol.com.br
Ciel,Turfitt,cturfitt14@myspace.com
Lizzie,Manueau,lmanueau15@xing.com
Cecile,Phuprate,cphuprate16@surveymonkey.com
Vanna,Flescher,vflescher17@behance.net
Leif,Benneton,lbenneton18@bravesites.com
Jaymee,Gilbanks,jgilbanks19@cbsnews.com
Alfred,Marshall,amarshall1a@artisteer.com
Caren,Ainslie,cainslie1b@unesco.org
Olympia,Baurerich,obaurerich1c@w3.org
Giusto,Pennoni,gpennoni1d@flickr.com
Page,Edowes,pedowes1e@nps.gov
Vevay,Haile,vhaile1f@google.co.jp
Aurora,Huckleby,ahuckleby1g@mtv.com
Willow,Bunch,wbunch1h@linkedin.com
Hildegarde,Beurich,hbeurich1i@aboutads.info
Tani,Jago,tjago1j@yellowbook.com
Charo,Bool,cbool1k@infoseek.co.jp
Novelia,Simonato,nsimonato1l@sitemeter.com
Letty,Sonley,lsonley1m@bing.com
Eryn,Foggo,efoggo1n@chronoengine.com
Lynett,Milland,lmilland1o@freewebs.com
Domeniga,Lethbridge,dlethbridge1p@nymag.com
Aleda,Frany,afrany1q@live.com
Liza,Ranvoise,lranvoise1r@wunderground.com
Marlene,Houchen,mhouchen1s@dmoz.org
Madalena,Negro,mnegro1t@yale.edu
Ogdon,Tewkesbury.,otewkesbury1u@reuters.com
Gar,St. John,gstjohn1v@oakley.com
Linet,Yoseloff,lyoseloff1w@comsenz.com
Philomena,MacVicar,pmacvicar1x@ovh.net
Francene,Gerrit,fgerrit1y@npr.org
Elena,Dutton,edutton1z@nifty.com
Malory,Lugton,mlugton20@washington.edu
Bili,Kasbye,bkasbye21@networkadvertising.org
Morse,Boldock,mboldock22@trellian.com
Yolanda,Mozzi,ymozzi23@eventbrite.com
Michaela,Gircke,mgircke24@vk.com
Alexina,Duxbarry,aduxbarry25@prnewswire.com
Jolie,Radin,jradin26@people.com.cn
Michel,Tolwood,mtolwood27@slideshare.net
Alice,Kleint,akleint28@pen.io
Dana,Douch,ddouch29@123-reg.co.uk
Boote,Kroch,bkroch2a@nih.gov
Alana,Vaar,avaar2b@youku.com
Brita,Cocking,bcocking2c@chicagotribune.com
Orlan,Oneile,ooneile2d@issuu.com
Cyndia,Halfpenny,chalfpenny2e@buzzfeed.com
Pall,Djekovic,pdjekovic2f@wordpress.com
Helenelizabeth,Hassard,hhassard2g@hp.com
Sammy,Havercroft,shavercroft2h@prlog.org
Aurilia,Spillane,aspillane2i@google.com
Harriott,Backsal,hbacksal2j@blinklist.com
Omar,Monckman,omonckman2k@wunderground.com
Heda,Phalp,hphalp2l@zdnet.com
Brandon,Bernlin,bbernlin2m@disqus.com
Joellyn,Scoffins,jscoffins2n@washington.edu
Bill,Abramovic,babramovic2o@virginia.edu
Bea,Hockey,bhockey2p@marketwatch.com
Dory,Jimenez,djimenez2q@odnoklassniki.ru
Bev,Symmers,bsymmers2r@chron.com
Johanna,Dallin,jdallin2s@livejournal.com
Chickie,Daugherty,cdaugherty2t@hud.gov
Grantley,Matheson,gmatheson2u@pagesperso-orange.fr
Bobbie,Wicks,bwicks2v@usatoday.com
Logan,Reiners,lreiners2w@slate.com
Kelvin,Woloschinski,kwoloschinski2x@over-blog.com
Shandie,Wiggans,swiggans2y@canalblog.com
Dyna,Gorrissen,dgorrissen2z@bing.com
Faye,Gallymore,fgallymore30@gravatar.com
Tandie,Mardlin,tmardlin31@mail.ru
Kimberli,Fishbourne,kfishbourne32@homestead.com
Sloane,Talton,stalton33@google.de
Ailene,Annable,aannable34@example.com
Maritsa,Tremain,mtremain35@usa.gov
Cindee,Halliburton,challiburton36@slideshare.net
Florencia,Woodhead,fwoodhead37@flavors.me
Cosmo,Abdie,cabdie38@vimeo.com
Quintina,Gault,qgault39@yelp.com
Margie,Lohan,mlohan3a@pagesperso-orange.fr
Dorolisa,Ponting,dponting3b@skyrock.com
Xenos,Ward,xward3c@csmonitor.com
Rolland,Spendlove,rspendlove3d@narod.ru
Danielle,Creamen,dcreamen3e@statcounter.com
Hillary,Deeprose,hdeeprose3f@smh.com.au
Nissa,McKerlie,nmckerlie3g@sina.com.cn
Cad,Tille,ctille3h@wix.com
Marcellus,Lardiner,mlardiner3i@indiegogo.com
Gasparo,Gerlack,ggerlack3j@ebay.com
Barty,Mawford,bmawford3k@home.pl
Mitchael,Kalker,mkalker3l@businessweek.com
Graig,Melin,gmelin3m@harvard.edu
Auberon,Castletine,acastletine3n@irs.gov
Cynthia,Oxshott,coxshott3o@amazonaws.com
Florian,Scowcraft,fscowcraft3p@mediafire.com
Carling,Alp,calp3q@mozilla.com
Breanne,Tomicki,btomicki3r@ebay.com
Ahmed,Pressman,apressman3s@theguardian.com
Jacinda,Stanworth,jstanworth3t@bbb.org
Adan,Charteris,acharteris3u@sciencedaily.com
Roselia,Ghione,rghione3v@bizjournals.com
Dacy,Early,dearly3w@rambler.ru
Iseabal,Buckhurst,ibuckhurst3x@webmd.com
Robby,Wildber,rwildber3y@dropbox.com
Jemimah,Hedden,jhedden3z@people.com.cn
Kenna,Frisch,kfrisch40@macromedia.com
Merralee,Sams,msams41@livejournal.com
Mikael,Dobell,mdobell42@so-net.ne.jp
Gardy,Hudspith,ghudspith43@is.gd
Stacy,Gavaghan,sgavaghan44@blog.com
Patrick,Eshelby,peshelby45@answers.com
Danni,Dunstan,ddunstan46@chicagotribune.com
Margret,Giacomozzo,mgiacomozzo47@fotki.com
Henka,Heasley,hheasley48@hud.gov
Gino,Holleran,gholleran49@soup.io
Gwynne,Gladeche,ggladeche4a@list-manage.com
Barnabe,Frankel,bfrankel4b@cocolog-nifty.com
Johanna,Kelberman,jkelberman4c@themeforest.net
Martin,Goddard,mgoddard4d@ustream.tv
Bert,Prier,bprier4e@pinterest.com
Giffer,Morratt,gmorratt4f@paypal.com
Leland,Alcalde,lalcalde4g@51.la
Alair,Spreckley,aspreckley4h@discovery.com
Hasheem,Fullegar,hfullegar4i@google.com.br
Danie,Linklater,dlinklater4j@digg.com
Max,Hawksworth,mhawksworth4k@miitbeian.gov.cn
Nichole,Rubartelli,nrubartelli4l@yellowbook.com
Mable,Lundon,mlundon4m@shareasale.com
Packston,Batch,pbatch4n@naver.com
Ferris,Browncey,fbrowncey4o@nifty.com
Janessa,Skerratt,jskerratt4p@odnoklassniki.ru
Joshua,Sawdon,jsawdon4q@exblog.jp
Kizzee,Edgworth,kedgworth4r@usgs.gov
Barrie,Kerfod,bkerfod4s@github.io
Berkie,Winscomb,bwinscomb4t@answers.com
Abigael,Feakins,afeakins4u@i2i.jp
Enid,Grandin,egrandin4v@blinklist.com
Marni,Catmull,mcatmull4w@1und1.de
Juliana,Wattingham,jwattingham4x@wix.com
Vasili,Tomaselli,vtomaselli4y@samsung.com
Odell,Minghella,ominghella4z@reference.com
Cullen,Pollendine,cpollendine50@yelp.com
Townsend,Giovannacci,tgiovannacci51@squidoo.com
Orsola,Mauvin,omauvin52@constantcontact.com
Timmie,Scole,tscole53@wikimedia.org
Kristina,Bemrose,kbemrose54@bloomberg.com
Clerc,Maddicks,cmaddicks55@washington.edu
Esta,Chapelhow,echapelhow56@seattletimes.com
Phoebe,Dadley,pdadley57@elegantthemes.com
Bambie,Suche,bsuche58@nytimes.com
Thom,Diess,tdiess59@hao123.com
Axel,Maskew,amaskew5a@sina.com.cn
Bondon,de Marco,bdemarco5b@whitehouse.gov
Sibilla,Pitson,spitson5c@umn.edu
Hanan,Bolger,hbolger5d@jigsy.com
Lucio,Winpenny,lwinpenny5e@nsw.gov.au
Ariadne,Well,awell5f@berkeley.edu
Bertha,Pichmann,bpichmann5g@harvard.edu
Galina,Onion,gonion5h@globo.com
Norbie,Hamlington,nhamlington5i@house.gov
Andrey,Undy,aundy5j@wp.com
Bobbie,Tither,btither5k@ucsd.edu
Kirbie,Hanley,khanley5l@aboutads.info
Susanetta,Ritmeier,sritmeier5m@comsenz.com
Dania,Szymoni,dszymoni5n@networkadvertising.org
Suzy,Kolodziejski,skolodziejski5o@amazon.com
Troy,Fell,tfell5p@pen.io
Alec,Mapplethorpe,amapplethorpe5q@chicagotribune.com
Jolynn,Filppetti,jfilppetti5r@google.it
Christyna,Tschierasche,ctschierasche5s@cbslocal.com
Evanne,Dearnaley,edearnaley5t@amazon.de
Rutherford,Sheryn,rsheryn5u@nytimes.com
Ede,Carvell,ecarvell5v@naver.com
Zara,Bein,zbein5w@comsenz.com
Ysabel,Ettery,yettery5x@google.fr
Donaugh,Lavery,dlavery5y@unc.edu
Natka,Ornillos,nornillos5z@rediff.com
Giraud,Brownlee,gbrownlee60@vimeo.com
Merrill,Peare,mpeare61@meetup.com
Khalil,Marshall,kmarshall62@squidoo.com
Lyndel,Servante,lservante63@skype.com
Meade,Scough,mscough64@plala.or.jp
Rene,Feore,rfeore65@goo.gl
Lesley,Tukesby,ltukesby66@theguardian.com
Kahlil,Targe,ktarge67@washington.edu
Mathew,Gedge,mgedge68@irs.gov
Marlo,Harvatt,mharvatt69@dagondesign.com
Carry,Chill,cchill6a@cbc.ca
Haywood,Annott,hannott6b@simplemachines.org
Olenka,Haire,ohaire6c@last.fm
Josi,Fairbank,jfairbank6d@time.com
Irving,Lovelace,ilovelace6e@indiatimes.com
Chaddy,Correa,ccorrea6f@tripod.com
Gasper,Deakan,gdeakan6g@weather.com
Jennette,Hune,jhune6h@msu.edu
Cleo,Coverlyn,ccoverlyn6i@ebay.com
Bevan,Chadwen,bchadwen6j@kickstarter.com
Winni,Sturdey,wsturdey6k@bandcamp.com
Michele,Blackstock,mblackstock6l@themeforest.net
Weber,Gamlin,wgamlin6m@sbwire.com
Maritsa,Rykert,mrykert6n@tmall.com
Meridith,Witter,mwitter6o@blogs.com
Timmy,Kedie,tkedie6p@un.org
Delila,Chong,dchong6q@nydailynews.com
Cinderella,Swatheridge,cswatheridge6r@altervista.org
Nana,Bartlam,nbartlam6s@chron.com
Edouard,Fewtrell,efewtrell6t@wired.com
Rosabelle,Sherwyn,rsherwyn6u@techcrunch.com
Sauncho,Stickel,sstickel6v@vimeo.com
Jerad,Vaudre,jvaudre6w@tinypic.com
Goober,Ingrey,gingrey6x@nba.com
Meade,Rogister,mrogister6y@vkontakte.ru
Rebeka,Arber,rarber6z@salon.com
Adelbert,Keast,akeast70@ezinearticles.com
Kirbee,Lambillion,klambillion71@drupal.org
Norbie,Veasey,nveasey72@wiley.com
Heddi,Northall,hnorthall73@cisco.com
Marje,Studdert,mstuddert74@google.co.uk
Hart,Manolov,hmanolov75@slate.com
Fidelia,Jeandel,fjeandel76@earthlink.net
Grantham,Cottom,gcottom77@unblog.fr
Maybelle,Leeke,mleeke78@example.com
Hercule,Fillery,hfillery79@squidoo.com
Daryle,Dillingstone,ddillingstone7a@vistaprint.com
Jackie,Holah,jholah7b@salon.com
Allina,Buie,abuie7c@cafepress.com
Sibley,Szymon,sszymon7d@go.com
Isaiah,Pipworth,ipipworth7e@youtube.com
Editha,Logesdale,elogesdale7f@miitbeian.gov.cn
Merell,Cissen,mcissen7g@nasa.gov
Hurleigh,Aberchirder,haberchirder7h@github.com
Rickie,Tallow,rtallow7i@taobao.com
Reider,Costigan,rcostigan7j@elegantthemes.com
Hube,Gentzsch,hgentzsch7k@accuweather.com
Frederik,Heiss,fheiss7l@blogtalkradio.com
Valaree,Upfold,vupfold7m@weibo.com
Hieronymus,Windrass,hwindrass7n@unesco.org
Shandra,Linneman,slinneman7o@elpais.com
Myles,Rosling,mrosling7p@jiathis.com
Deeanne,Westwater,dwestwater7q@geocities.com
Gertruda,Placide,gplacide7r@jigsy.com
Killy,Taillant,ktaillant7s@usatoday.com
Ariadne,Collingworth,acollingworth7t@techcrunch.com
Bobbie,Loughney,bloughney7u@unesco.org
Gwendolen,Ellerbeck,gellerbeck7v@joomla.org
Marylynne,Castanos,mcastanos7w@hostgator.com
Daveta,Prier,dprier7x@networkadvertising.org
Earle,Najara,enajara7y@who.int
Rudolph,Oliveto,roliveto7z@reuters.com
Jobi,Lanegran,jlanegran80@google.de
Gabbie,O'Henecan,gohenecan81@jalbum.net
Bertha,Thonger,bthonger82@theglobeandmail.com
Celestyn,Spurriar,cspurriar83@accuweather.com
Kitty,Gook,kgook84@washingtonpost.com
Hyacinthe,Paskin,hpaskin85@engadget.com
Demeter,Beeble,dbeeble86@jalbum.net
Hagan,Bresnen,hbresnen87@seattletimes.com
Elaina,Shawel,eshawel88@jiathis.com
Leigh,Leber,lleber89@desdev.cn
Willamina,Emeline,wemeline8a@redcross.org
Heda,Eastam,heastam8b@mediafire.com
Gunar,Vearnals,gvearnals8c@edublogs.org
Melicent,Mighele,mmighele8d@studiopress.com
Hazel,Yurlov,hyurlov8e@1und1.de
Aggi,Rucklidge,arucklidge8f@fotki.com
Ariel,Ivanchenkov,aivanchenkov8g@ibm.com
Artemus,Durbann,adurbann8h@wordpress.com
Lissy,Scotchford,lscotchford8i@berkeley.edu
Corey,Burkhill,cburkhill8j@w3.org
Carrie,Dust,cdust8k@alexa.com
Aubry,Dukesbury,adukesbury8l@ebay.co.uk
Ronalda,Aggs,raggs8m@baidu.com
Mia,Storre,mstorre8n@plala.or.jp
Florina,Concklin,fconcklin8o@1688.com
Desmund,Leverton,dleverton8p@nsw.gov.au
Huntlee,Durrant,hdurrant8q@twitpic.com
Elayne,Ochterlony,eochterlony8r@google.es
Reba,Etherington,retherington8s@networkadvertising.org
Bonnie,Barbera,bbarbera8t@economist.com
Alfons,O'Currane,aocurrane8u@furl.net
Tine,Cissell,tcissell8v@samsung.com
Inge,Carratt,icarratt8w@indiatimes.com
Elane,Firby,efirby8x@dyndns.org
Elberta,Barthelmes,ebarthelmes8y@vkontakte.ru
Ganny,Tante,gtante8z@w3.org
Paolina,McKeller,pmckeller90@timesonline.co.uk
Dyane,Really,dreally91@indiatimes.com
Klaus,Bollini,kbollini92@1und1.de
Mellisent,Jurewicz,mjurewicz93@forbes.com
Lorine,Jerrams,ljerrams94@globo.com
Dorrie,Wroughton,dwroughton95@posterous.com
Gayla,Westpfel,gwestpfel96@blog.com
Skyler,Doonican,sdoonican97@mediafire.com
Catie,Gallie,cgallie98@facebook.com
Hope,Tierney,htierney99@adobe.com
Hussein,Gasnell,hgasnell9a@a8.net
Ania,Skoyles,askoyles9b@google.ca
Trudie,Andriesse,tandriesse9c@histats.com
Winnie,Tewelson,wtewelson9d@wikia.com
Gray,Hymas,ghymas9e@cargocollective.com
Ramonda,Lilion,rlilion9f@bbc.co.uk
Chris,Rolance,crolance9g@shinystat.com
Rich,Lejeune,rlejeune9h@google.fr
Valeda,Oldale,voldale9i@i2i.jp
Aldric,Jochanany,ajochanany9j@weather.com
Haleigh,Darkins,hdarkins9k@berkeley.edu
Olga,Stithe,ostithe9l@ycombinator.com
Hermy,McAnulty,hmcanulty9m@desdev.cn
Rolph,Cosser,rcosser9n@rakuten.co.jp
Haskel,Pieroni,hpieroni9o@mtv.com
Benito,Axelbee,baxelbee9p@sina.com.cn
Pascale,Pinniger,ppinniger9q@samsung.com
Teddie,Pellatt,tpellatt9r@examiner.com
Aloysius,Ilyukhov,ailyukhov9s@noaa.gov
Issie,Marvel,imarvel9t@cbsnews.com
Gizela,Fontell,gfontell9u@nsw.gov.au
Tamqrah,Crannach,tcrannach9v@netvibes.com
Bobby,Deverick,bdeverick9w@mozilla.com
Martie,Rangeley,mrangeley9x@foxnews.com
Garrik,Jannasch,gjannasch9y@ow.ly
Reid,Reditt,rreditt9z@prweb.com
Archaimbaud,Ralton,araltona0@tripadvisor.com
Euell,Arkley,earkleya1@amazonaws.com
Pooh,Banishevitz,pbanishevitza2@cafepress.com
Neddy,Baudinot,nbaudinota3@barnesandnoble.com
Lock,Scouler,lscoulera4@goo.gl
Cole,Fishbie,cfishbiea5@delicious.com
Alvie,Camillo,acamilloa6@sina.com.cn
Brand,Randales,brandalesa7@microsoft.com
Chrysler,Deaves,cdeavesa8@plala.or.jp
Madonna,Measor,mmeasora9@google.nl
Clayborne,Island,cislandaa@bing.com
Saul,Hafford,shaffordab@reverbnation.com
Brunhilde,Knowlton,bknowltonac@redcross.org
Desmund,Gossington,dgossingtonad@liveinternet.ru
Giacinta,Mungane,gmunganeae@imgur.com
Ginny,McWhannel,gmcwhannelaf@reverbnation.com
Consolata,Posten,cpostenag@google.it
Dukey,Licciardiello,dlicciardielloah@w3.org
Griswold,Marages,gmaragesai@alibaba.com
Kara,Innerstone,kinnerstoneaj@addthis.com
Carlos,Bennough,cbennoughak@arstechnica.com
Eldridge,Forster,eforsteral@netlog.com
Harry,Sindall,hsindallam@wisc.edu
Bartel,Clemendet,bclemendetan@spotify.com
Marleen,Voaden,mvoadenao@sogou.com
Marsha,Searchwell,msearchwellap@mayoclinic.com
Lurleen,Champken,lchampkenaq@columbia.edu
Ronnie,Yitzowitz,ryitzowitzar@yellowpages.com
Tybie,Mc Queen,tmcqueenas@4shared.com
Gunther,Alywen,galywenat@nature.com
Jolene,Gilhool,jgilhoolau@hexun.com
Brooks,Smuth,bsmuthav@theglobeandmail.com
Demetria,Mellanby,dmellanbyaw@prlog.org
Issie,Cottle,icottleax@squidoo.com
Consuelo,Ridewood,cridewooday@pinterest.com
Fawne,Lanfare,flanfareaz@smugmug.com
Antons,Nerger,anergerb0@prlog.org
Laird,Ronchetti,lronchettib1@buzzfeed.com
Leyla,Mainds,lmaindsb2@cyberchimps.com
Gabby,McGeorge,gmcgeorgeb3@com.com
Blakeley,Tinmouth,btinmouthb4@ezinearticles.com
Bertram,Yurukhin,byurukhinb5@tripod.com
Trumaine,Pybus,tpybusb6@rambler.ru
Serene,Braganza,sbraganzab7@macromedia.com
Rockie,Latter,rlatterb8@sourceforge.net
Gustavus,Wisniewski,gwisniewskib9@washington.edu
Antoni,Legrand,alegrandba@va.gov
Anne-marie,Garie,agariebb@telegraph.co.uk
Tildie,Diben,tdibenbc@mac.com
Lizzy,Danzelman,ldanzelmanbd@usgs.gov
Doll,Keyte,dkeytebe@indiatimes.com
Verile,Filgate,vfilgatebf@canalblog.com
Kerrin,Felkin,kfelkinbg@blogger.com
Edward,Martygin,emartyginbh@deviantart.com
Cindra,Pietri,cpietribi@weibo.com
Costa,Arington,caringtonbj@wufoo.com
Cathlene,Thieme,cthiemebk@hibu.com
Vito,Lawlan,vlawlanbl@g.co
Ivan,MacGlory,imacglorybm@amazon.com
Ivory,Merrill,imerrillbn@seattletimes.com
Ignacio,Chrystal,ichrystalbo@ted.com
Gibby,Dods,gdodsbp@live.com
Silvan,Maryet,smaryetbq@technorati.com
Davine,Burgoyne,dburgoynebr@ucla.edu
Leela,Thunderchief,lthunderchiefbs@pagesperso-orange.fr
Fiona,Pilbeam,fpilbeambt@nyu.edu
Dannye,Robiou,drobioubu@vkontakte.ru
George,Jantot,gjantotbv@rakuten.co.jp
Tommie,Kike,tkikebw@amazon.com
Kaspar,Shadfourth,kshadfourthbx@furl.net
Genna,Bodill,gbodillby@4shared.com
Vyky,Winder,vwinderbz@disqus.com
Lucilia,Brouwer,lbrouwerc0@csmonitor.com
Vikky,Haysham,vhayshamc1@1688.com
Wayne,Attiwill,wattiwillc2@timesonline.co.uk
Harmonie,Moulster,hmoulsterc3@google.ca
Lexine,Dittson,ldittsonc4@bloomberg.com
Dwight,Petheridge,dpetheridgec5@psu.edu
Alvira,Cartmael,acartmaelc6@ask.com
Ryun,Eskriet,reskrietc7@wikia.com
Rolfe,Jobern,rjobernc8@nydailynews.com
Britni,O'Driscoll,bodriscollc9@hugedomains.com
Kelila,Simioli,ksimiolica@narod.ru
Cristian,Crichton,ccrichtoncb@msu.edu
Joshuah,Glassup,jglassupcc@amazon.de
Nilson,Bootell,nbootellcd@tinypic.com
Jessey,St. Ledger,jstledgerce@mit.edu
Sukey,Balf,sbalfcf@joomla.org
Susy,Wyld,swyldcg@epa.gov
Garrot,Rissen,grissench@newyorker.com
Chandler,Clewlow,cclewlowci@homestead.com
Emmott,Rama,eramacj@altervista.org
Chantal,Gaspar,cgasparck@samsung.com
Jobye,Petrashov,jpetrashovcl@comcast.net
Anabelle,Phelit,aphelitcm@cyberchimps.com
Lyell,Bassett,lbassettcn@macromedia.com
Andriette,Alyukin,aalyukinco@irs.gov
Alvina,Daniells,adaniellscp@etsy.com
Gerhardine,Noon,gnooncq@discovery.com
Ainsley,Kerrich,akerrichcr@dailymotion.com
Zonnya,Hrishchenko,zhrishchenkocs@toplist.cz
Emmanuel,Gudeman,egudemanct@google.com.br
Doralia,VanBrugh,dvanbrughcu@imageshack.us
Flori,Raeburn,fraeburncv@infoseek.co.jp
Cristal,Marrill,cmarrillcw@storify.com
Antoinette,Dow,adowcx@sourceforge.net
Reagan,Ludlem,rludlemcy@marriott.com
Welsh,Payley,wpayleycz@wikispaces.com
Madeline,Harrell,mharrelld0@amazon.de
Paolo,Jonas,pjonasd1@dailymotion.com
Yetty,Doppler,ydopplerd2@symantec.com
Clarette,Scoates,cscoatesd3@twitpic.com
Lucais,Phillipp,lphillippd4@sfgate.com
Dagny,Fateley,dfateleyd5@mozilla.org
Luis,Andreas,landreasd6@liveinternet.ru
Meaghan,Vousden,mvousdend7@apple.com
Lucila,Kynman,lkynmand8@liveinternet.ru
Dalila,Drinkwater,ddrinkwaterd9@reverbnation.com
Cindie,Robbs,crobbsda@xrea.com
Felicity,Dunphy,fdunphydb@smugmug.com
Marybeth,Boston,mbostondc@jimdo.com
Allyn,Fildes,afildesdd@constantcontact.com
Jerrie,Nemchinov,jnemchinovde@google.fr
Benedikta,Rosso,brossodf@reverbnation.com
Eryn,Jeanel,ejeaneldg@unesco.org
Bobbee,Phetteplace,bphetteplacedh@t-online.de
Willy,Phillimore,wphillimoredi@usda.gov
Ross,Piers,rpiersdj@bloomberg.com
Cecily,Tuxill,ctuxilldk@reverbnation.com
Micheline,Dumbrill,mdumbrilldl@ucsd.edu
Aylmer,Cambling,acamblingdm@edublogs.org
Guglielma,Pepperill,gpepperilldn@soundcloud.com
Jillane,Swindin,jswindindo@alibaba.com
Gene,Burdett,gburdettdp@nbcnews.com
Merwin,D'Aulby,mdaulbydq@cnet.com
Poul,Girardey,pgirardeydr@privacy.gov.au
Katalin,Measures,kmeasuresds@csmonitor.com
Sib,Sycamore,ssycamoredt@oaic.gov.au
Grannie,Tibbits,gtibbitsdu@naver.com
Josiah,Neely,jneelydv@hatena.ne.jp
Rice,Jekyll,rjekylldw@wikispaces.com
Emilee,Vosse,evossedx@de.vu
Pryce,Wessell,pwesselldy@illinois.edu
Violetta,Lowdiane,vlowdianedz@arstechnica.com
Tirrell,Collen,tcollene0@eventbrite.com
Andres,Lismore,alismoree1@ycombinator.com
Fredek,Roblou,frobloue2@mashable.com
Lauren,Opfer,lopfere3@examiner.com
Any,Spradbery,aspradberye4@discovery.com
Sofia,Tatlow,statlowe5@360.cn
Stavros,Husbands,shusbandse6@google.pl
Kellie,Virgoe,kvirgoee7@house.gov
Emmery,Castellucci,ecastelluccie8@photobucket.com
Marten,Pinxton,mpinxtone9@instagram.com
Gannie,Toal,gtoalea@chicagotribune.com
Kaile,Dauney,kdauneyeb@nbcnews.com
Marcie,Lascell,mlascellec@shinystat.com
Mella,Bessant,mbessanted@irs.gov
Andree,Eubank,aeubankee@shutterfly.com
Ula,Goodin,ugoodinef@oaic.gov.au
Neville,Popworth,npopwortheg@studiopress.com
Elise,Mercy,emercyeh@geocities.com
Isacco,Adcock,iadcockei@tmall.com
Robyn,Palfery,rpalferyej@wordpress.org
Vergil,Scarsbrook,vscarsbrookek@accuweather.com
Ruggiero,Berthe,rbertheel@admin.ch
Chic,Danniel,cdannielem@hao123.com
Ranice,Bartrum,rbartrumen@wufoo.com
Talbot,Bellenie,tbellenieeo@independent.co.uk
Hilliary,Corah,hcorahep@wiley.com
Hayley,Brigman,hbrigmaneq@nasa.gov
Catherine,Rraundl,crraundler@chronoengine.com
Cyrille,Becke,cbeckees@bbc.co.uk
Milt,McLafferty,mmclaffertyet@apple.com
Lacee,Asee,laseeeu@sciencedaily.com
Olly,Wedmore.,owedmoreev@booking.com
Pete,Nitti,pnittiew@weather.com
Kim,Daunter,kdaunterex@buzzfeed.com
Nigel,Ruske,nruskeey@nasa.gov
Ursola,Insull,uinsullez@odnoklassniki.ru
Rolando,Firmin,rfirminf0@ask.com
Arlen,Branchet,abranchetf1@utexas.edu
Bendix,Goldsbury,bgoldsburyf2@imageshack.us
Huey,Beste,hbestef3@earthlink.net
Ameline,Wissby,awissbyf4@abc.net.au
Barrie,O'Lehane,bolehanef5@google.ca
Vale,Blackburn,vblackburnf6@com.com
Lynda,Lettley,llettleyf7@apache.org
Lorrayne,Milazzo,lmilazzof8@psu.edu
Rhona,Bathowe,rbathowef9@yellowpages.com
Greggory,Gaudin,ggaudinfa@amazon.co.jp
Dagmar,Barenskie,dbarenskiefb@kickstarter.com
Tiff,Ottery,totteryfc@tripadvisor.com
Michaella,Beaglehole,mbeagleholefd@chron.com
Brendan,Alliban,ballibanfe@hud.gov
Mommy,Sadgrove,msadgroveff@skype.com
Clemence,Ranner,crannerfg@cargocollective.com
Dante,Hubbis,dhubbisfh@alibaba.com
Chen,Bahike,cbahikefi@google.com
Adi,Blees,ableesfj@miibeian.gov.cn
Darryl,Cordel,dcordelfk@tinypic.com
Kele,Toby,ktobyfl@disqus.com
Belvia,Roizn,broiznfm@odnoklassniki.ru
Milicent,Hull,mhullfn@unesco.org
Cristian,Dugue,cduguefo@flavors.me
Tiena,Berrick,tberrickfp@globo.com
Aleen,Teresia,ateresiafq@mac.com
Lonnard,Tebbut,ltebbutfr@technorati.com
Adams,Vanlint,avanlintfs@bandcamp.com
Nelly,St Quenin,nstqueninft@japanpost.jp
Witty,Mangham,wmanghamfu@marketwatch.com
Rae,Wollen,rwollenfv@seesaa.net
Carly,Hartnell,chartnellfw@fotki.com
Micaela,Gideon,mgideonfx@posterous.com
Lock,Trivett,ltrivettfy@wordpress.com
Gerome,Stickney,gstickneyfz@mediafire.com
Dixie,Kelson,dkelsong0@mit.edu
Alexei,Billin,abilling1@trellian.com
Elvin,Cosgry,ecosgryg2@auda.org.au
Mervin,Rulf,mrulfg3@latimes.com
Friedrich,Brazier,fbrazierg4@google.es
Diannne,Maddrell,dmaddrellg5@tiny.cc
Daisy,Boundy,dboundyg6@admin.ch
Nessi,O'Shea,nosheag7@admin.ch
Birgitta,Oleshunin,boleshuning8@cnet.com
Natividad,Jewett,njewettg9@usnews.com
Ephrayim,Cloney,ecloneyga@weibo.com
Goldi,Royste,groystegb@state.tx.us
Lydie,Lavrick,llavrickgc@cmu.edu
Maressa,Longbone,mlongbonegd@altervista.org
Lela,Farquarson,lfarquarsonge@infoseek.co.jp
Hobey,Crickmer,hcrickmergf@stanford.edu
Vere,Alyokhin,valyokhingg@wisc.edu
Alister,Petche,apetchegh@apache.org
Roxanna,Kyberd,rkyberdgi@webmd.com
Gare,Spinola,gspinolagj@seattletimes.com
Leon,Colcomb,lcolcombgk@pcworld.com
Gennifer,Sherrin,gsherringl@skyrock.com
Gil,Sangwine,gsangwinegm@nyu.edu
Decca,Jordan,djordangn@skype.com
Lynsey,Gillaspy,lgillaspygo@google.ca
Corbet,Tampen,ctampengp@bbc.co.uk
Eward,Broadnicke,ebroadnickegq@arizona.edu
Cleo,Doerling,cdoerlinggr@example.com
Frederich,Couch,fcouchgs@weibo.com
Nevile,Beynke,nbeynkegt@dagondesign.com
Kean,Ivanichev,kivanichevgu@washingtonpost.com
Tybie,Pitkins,tpitkinsgv@netlog.com
Terry,Bacup,tbacupgw@ucoz.com
Mandel,Roake,mroakegx@bing.com
Emmet,Longstaff,elongstaffgy@mayoclinic.com
Jillian,Roostan,jroostangz@oaic.gov.au
Rockwell,Laffling,rlafflingh0@uol.com.br
Georgine,Tommei,gtommeih1@netvibes.com
Pat,McAughtry,pmcaughtryh2@facebook.com
Linnea,Casin,lcasinh3@google.com.au
Laurent,Surgey,lsurgeyh4@yolasite.com
Andromache,Willmett,awillmetth5@slideshare.net
Pippo,Hartshorn,phartshornh6@posterous.com
Sully,Sweedy,ssweedyh7@statcounter.com
Vanni,Skala,vskalah8@dyndns.org
Sophi,Hellwing,shellwingh9@mtv.com
Jaime,Pleuman,jpleumanha@mapquest.com
Bartolemo,Pinkney,bpinkneyhb@indiatimes.com
Jeniffer,Paolacci,jpaolaccihc@comsenz.com
Natala,Whittock,nwhittockhd@163.com
Kathy,Antoniewski,kantoniewskihe@house.gov
Leland,Reveland,lrevelandhf@harvard.edu
Rudiger,Leek,rleekhg@paginegialle.it
Ervin,Bugdale,ebugdalehh@msn.com
Odille,Cappell,ocappellhi@goo.ne.jp
Pietro,Parmer,pparmerhj@rambler.ru
Rey,Longley,rlongleyhk@amazon.co.jp
Derrick,Bischof,dbischofhl@netscape.com
Timotheus,Leroux,tlerouxhm@hao123.com
Kippar,Heathorn,kheathornhn@mapquest.com
Powell,Alban,palbanho@163.com
Karlik,Eveleigh,keveleighhp@google.com.hk
Constanta,Medina,cmedinahq@livejournal.com
Rafaela,Mewha,rmewhahr@dagondesign.com
Clarke,Glenwright,cglenwrighths@ning.com
Quintus,Tinston,qtinstonht@netlog.com
Chaddie,Drury,cdruryhu@ocn.ne.jp
Arabele,Estevez,aestevezhv@oaic.gov.au
Hervey,Donwell,hdonwellhw@mtv.com
Alphonso,Goggey,agoggeyhx@paginegialle.it
Mortie,Caizley,mcaizleyhy@moonfruit.com
Bernardine,Beauman,bbeaumanhz@sciencedaily.com
Amaleta,Loftie,aloftiei0@vimeo.com
Hilde,Melby,hmelbyi1@spiegel.de
Jerald,Oliva,jolivai2@admin.ch
Erna,Jesteco,ejestecoi3@dedecms.com
Sutherlan,Baxendale,sbaxendalei4@ucoz.com
Lona,Millis,lmillisi5@clickbank.net
Loren,Edess,ledessi6@state.gov
Vassily,Balser,vbalseri7@tuttocitta.it
Hieronymus,Lounds,hloundsi8@hexun.com
Saxe,Bollini,sbollinii9@answers.com
Iorgo,O'Sheils,iosheilsia@soundcloud.com
Cathy,Benditt,cbendittib@uol.com.br
Lewie,Kubala,lkubalaic@nymag.com
Berny,Uzelli,buzelliid@deliciousdays.com
Wallie,Pioli,wpioliie@bluehost.com
Nye,Pashen,npashenif@walmart.com
Trista,Elleton,telletonig@google.es
Mohandis,Darinton,mdarintonih@oracle.com
Cindy,Firmage,cfirmageii@vk.com
Elsbeth,Sargerson,esargersonij@instagram.com
Janos,Dmytryk,jdmytrykik@pen.io
Eveleen,Tingle,etingleil@tiny.cc
Winifred,Ambrogioni,wambrogioniim@freewebs.com
Anya,Dorrance,adorrancein@timesonline.co.uk
Karlik,Lalley,klalleyio@t-online.de
Pegeen,Longman,plongmanip@cbsnews.com
Ainsley,Hache,ahacheiq@chron.com
Brena,Coaker,bcoakerir@blogs.com
Filmore,Shrieve,fshrieveis@sitemeter.com
Rafaello,Driscoll,rdriscollit@google.ca
Ondrea,Swetenham,oswetenhamiu@scientificamerican.com
Caresse,Castanone,ccastanoneiv@delicious.com
Agretha,Mate,amateiw@example.com
Zed,Zellmer,zzellmerix@purevolume.com
Antonietta,Baggot,abaggotiy@prweb.com
Clarita,Cappell,ccappelliz@reuters.com
Ezri,Winborn,ewinbornj0@google.com.au
Tiffani,Barts,tbartsj1@wisc.edu
Sean,Chisnell,schisnellj2@google.com.au
Fredra,Cicchelli,fcicchellij3@army.mil
Cart,Kamien,ckamienj4@so-net.ne.jp
Hilliary,Hewertson,hhewertsonj5@phpbb.com
Garrick,Crippell,gcrippellj6@instagram.com
Floris,Greene,fgreenej7@indiatimes.com
Anson,Edgehill,aedgehillj8@washingtonpost.com
Borg,Bensen,bbensenj9@thetimes.co.uk
Ephrayim,Gorham,egorhamja@unc.edu
Tootsie,Rumney,trumneyjb@spiegel.de
Gardiner,Aleshintsev,galeshintsevjc@addtoany.com
Ursa,Boutton,ubouttonjd@cloudflare.com
Nonna,Jedrzej,njedrzejje@walmart.com
Meara,Pherps,mpherpsjf@flavors.me
Dennis,Bexley,dbexleyjg@infoseek.co.jp
Brier,Zavattero,bzavatterojh@cocolog-nifty.com
Elwood,Brittin,ebrittinji@bluehost.com
Idalina,Naul,inauljj@histats.com
Trude,Tirkin,ttirkinjk@ox.ac.uk
Rafa,Martinetto,rmartinettojl@alexa.com
Korey,Paolozzi,kpaolozzijm@sfgate.com
Frasier,Whetland,fwhetlandjn@whitehouse.gov
Mara,Pisculli,mpiscullijo@chicagotribune.com
Brockie,Huddy,bhuddyjp@cornell.edu
Drud,Klimkiewich,dklimkiewichjq@meetup.com
Donalt,Formby,dformbyjr@ihg.com
Jasmine,Copperwaite,jcopperwaitejs@unesco.org
Leroy,Longcake,llongcakejt@yellowpages.com
Dasha,Lory,dloryju@netlog.com
Lucita,Isherwood,lisherwoodjv@moonfruit.com
Derk,Morsey,dmorseyjw@admin.ch
Letizia,Caroli,lcarolijx@oakley.com
Katerina,McGuire,kmcguirejy@flavors.me
Janelle,Gabbett,jgabbettjz@github.com
Thornie,Clacey,tclaceyk0@cam.ac.uk
Kimmi,Cleft,kcleftk1@uol.com.br
Reece,Cornock,rcornockk2@over-blog.com
Quillan,Scalia,qscaliak3@hostgator.com
Frederico,Becker,fbeckerk4@is.gd
Felike,Scrinage,fscrinagek5@netscape.com
Joanne,Sanson,jsansonk6@cnet.com
Brnaba,Hedge,bhedgek7@flavors.me
Dionysus,Hort,dhortk8@t.co
Daniel,Catlow,dcatlowk9@apple.com
Rand,Sunley,rsunleyka@ask.com
Bernadine,McDougal,bmcdougalkb@phoca.cz
Karalee,Bodley,kbodleykc@guardian.co.uk
Faye,Mulliss,fmullisskd@latimes.com
Chantal,Aloshkin,caloshkinke@theglobeandmail.com
Florina,Titlow,ftitlowkf@xrea.com
Corrina,Bounde,cboundekg@google.pl
Dugald,Moncrieffe,dmoncrieffekh@illinois.edu
Belia,Mansuer,bmansuerki@go.com
Leann,Condie,lcondiekj@123-reg.co.uk
Dianemarie,Jeanenet,djeanenetkk@desdev.cn
Cherise,Polak,cpolakkl@xinhuanet.com
Cristina,Quail,cquailkm@spiegel.de
Nert,Pestricke,npestrickekn@google.com
Joella,D'Ambrosi,jdambrosiko@adobe.com
Alex,Cudihy,acudihykp@miibeian.gov.cn
Carry,Works,cworkskq@aol.com
Libbie,Chastelain,lchastelainkr@google.com.br
Minta,Lornsen,mlornsenks@sourceforge.net
Fancie,Corben,fcorbenkt@usatoday.com
Kacy,Parramore,kparramoreku@weebly.com
Worth,Garham,wgarhamkv@liveinternet.ru
Theodor,Toulamain,ttoulamainkw@webeden.co.uk
Alexander,McLeod,amcleodkx@reuters.com
Freeman,Sonier,fsonierky@hp.com
Sergent,Fforde,sffordekz@europa.eu
Philip,Brimacombe,pbrimacombel0@canalblog.com
Dianemarie,Caldecourt,dcaldecourtl1@imageshack.us
Caz,Balls,cballsl2@ucla.edu
Buffy,Belleny,bbellenyl3@linkedin.com
Earlie,Sallter,esallterl4@shinystat.com
Maxine,Roony,mroonyl5@dyndns.org
Anabelle,Browncey,abrownceyl6@pcworld.com
Christoffer,Bayles,cbaylesl7@cargocollective.com
Angelico,Dalgetty,adalgettyl8@fotki.com
Claudine,Carslaw,ccarslawl9@ted.com
Janeta,Gazey,jgazeyla@unesco.org
Meggi,Itzhaki,mitzhakilb@phoca.cz
Dale,Coughan,dcoughanlc@usda.gov
Roselin,Koppe,rkoppeld@shop-pro.jp
Barth,Renvoise,brenvoisele@digg.com
Zachary,Costain,zcostainlf@dagondesign.com
Dominique,Kaplan,dkaplanlg@plala.or.jp
Natty,Akast,nakastlh@comsenz.com
Phineas,Coneley,pconeleyli@mail.ru
Candice,Dyshart,cdyshartlj@4shared.com
Dilan,Lampet,dlampetlk@ovh.net
Toinette,Frisch,tfrischll@homestead.com
Christophe,Haymes,chaymeslm@deliciousdays.com
Sarine,Dunleavy,sdunleavyln@furl.net
Barb,Soffe,bsoffelo@deliciousdays.com
Willem,Barrass,wbarrasslp@cbsnews.com
Anne-corinne,Zappel,azappellq@gravatar.com
Inge,MacEnelly,imacenellylr@gov.uk
Florella,Dunsleve,fdunslevels@cmu.edu
Arlinda,MacKeeg,amackeeglt@google.pl
Stanley,Takle,staklelu@accuweather.com
Lilyan,Bellefant,lbellefantlv@walmart.com
Nelia,Avesque,navesquelw@vk.com
Tani,Degan,tdeganlx@yandex.ru
Halie,Stringer,hstringerly@lycos.com
Lisetta,Sineath,lsineathlz@ebay.co.uk
Aretha,Gumey,agumeym0@umich.edu
Barbaraanne,Jeger,bjegerm1@ftc.gov
Marian,Snugg,msnuggm2@nhs.uk
Dinah,Morffew,dmorffewm3@ihg.com
Rodney,Workman,rworkmanm4@auda.org.au
Mariellen,Morffew,mmorffewm5@opensource.org
Ber,Adanet,badanetm6@seattletimes.com
Hermine,Van der Hoeven,hvanderhoevenm7@umn.edu
Ardys,Dunstone,adunstonem8@toplist.cz
Constantine,McColl,cmccollm9@auda.org.au
Sholom,Rackam,srackamma@webeden.co.uk
Butch,House,bhousemb@symantec.com
Bing,Bortolini,bbortolinimc@europa.eu
Vevay,Danielovitch,vdanielovitchmd@deviantart.com
Jessika,Howse,jhowseme@ebay.com
Sonnnie,Newitt,snewittmf@dailymail.co.uk
Chryste,Bredee,cbredeemg@bloglovin.com
Oswald,MacPake,omacpakemh@berkeley.edu
Layton,Florez,lflorezmi@umich.edu
Marjorie,Trubshawe,mtrubshawemj@state.tx.us
Kalli,Purver,kpurvermk@canalblog.com
Horatius,Scoles,hscolesml@admin.ch
Weidar,Latey,wlateymm@dailymail.co.uk
Baillie,Clawe,bclawemn@google.co.uk
Reena,Glanz,rglanzmo@usda.gov
Anatola,Prisk,apriskmp@dailymotion.com
Marji,Dumbrall,mdumbrallmq@boston.com
Tessa,Moggan,tmogganmr@aol.com
Ondrea,Skentelbery,oskentelberyms@pinterest.com
Tonye,Dunsire,tdunsiremt@ucoz.ru
Mira,Nezey,mnezeymu@amazon.co.uk
Randy,Blinder,rblindermv@abc.net.au
Dolores,Lacknor,dlacknormw@yellowbook.com
Blaire,Iacobassi,biacobassimx@ucla.edu
Sammie,Sallis,ssallismy@webnode.com
Ulrikaumeko,Wane,uwanemz@foxnews.com
Dov,Brockington,dbrockingtonn0@si.edu
Chev,Billsberry,cbillsberryn1@typepad.com
Kristi,Roxburch,kroxburchn2@soup.io
Franny,Harding,fhardingn3@wunderground.com
Nina,Dyshart,ndyshartn4@earthlink.net
Carlin,Janosevic,cjanosevicn5@google.co.jp
Melba,Gledhill,mgledhilln6@census.gov
Shandra,Rhymes,srhymesn7@digg.com
Dorene,Shivlin,dshivlinn8@smugmug.com
Napoleon,Bernath,nbernathn9@pagesperso-orange.fr
Della,Vittel,dvittelna@forbes.com
Dion,MacDonald,dmacdonaldnb@sina.com.cn
Corrie,Thornbarrow,cthornbarrownc@tinyurl.com
Veronique,Mannering,vmanneringnd@answers.com
Lilias,Timby,ltimbyne@w3.org
Owen,Edgell,oedgellnf@cdbaby.com
Chloette,Chatenet,cchatenetng@networksolutions.com
Jewelle,Claypoole,jclaypoolenh@prweb.com
Perren,Peter,ppeterni@so-net.ne.jp
Lilla,Thomassin,lthomassinnj@cornell.edu
Chandra,Bengochea,cbengocheank@noaa.gov
Burr,Grindley,bgrindleynl@e-recht24.de
Gabby,Wellesley,gwellesleynm@dion.ne.jp
Xylia,Jeschner,xjeschnernn@addthis.com
Annice,Burnup,aburnupno@irs.gov
Malinde,Robker,mrobkernp@exblog.jp
Antoni,Strowther,astrowthernq@economist.com
Joanne,Vannucci,jvannuccinr@toplist.cz
Wendie,Zavittieri,wzavittierins@reverbnation.com
Ashbey,Richfield,arichfieldnt@ustream.tv
Ariadne,Sperling,asperlingnu@flickr.com
Wilhelm,Aires,wairesnv@live.com
Emylee,Mityakov,emityakovnw@sciencedirect.com
Clevey,Dury,cdurynx@zdnet.com
Emeline,MacVanamy,emacvanamyny@reverbnation.com
Dareen,Grahamslaw,dgrahamslawnz@prweb.com
Ronnica,Rolland,rrollando0@jugem.jp
Brodie,Jeannin,bjeannino1@sohu.com
Marietta,Abbitt,mabbitto2@ycombinator.com
Will,Bertomier,wbertomiero3@github.io
Gerrilee,New,gnewo4@yandex.ru
Lyle,Walley,lwalleyo5@liveinternet.ru
Brannon,Petrelli,bpetrellio6@reddit.com
Claudina,Clemenzo,cclemenzoo7@friendfeed.com
Terrance,Perham,tperhamo8@flickr.com
Adolf,Hothersall,ahothersallo9@ebay.co.uk
Kendrick,Goodspeed,kgoodspeedoa@e-recht24.de
Florian,MacDuff,fmacduffob@who.int
Blondie,Duthie,bduthieoc@mapy.cz
Hailee,Alesi,halesiod@elpais.com
Ora,Burras,oburrasoe@xrea.com
Milton,Swanwick,mswanwickof@artisteer.com
Jacquelynn,Facer,jfacerog@cbc.ca
Gabbie,Musker,gmuskeroh@yolasite.com
Deedee,Eustanch,deustanchoi@mayoclinic.com
Kaleb,Leser,kleseroj@creativecommons.org
Atalanta,Maletratt,amaletrattok@sciencedaily.com
Cassi,Caustick,ccaustickol@tripadvisor.com
Timmy,Alldridge,talldridgeom@google.es
Roslyn,Weighell,rweighellon@godaddy.com
Thatch,Stockoe,tstockoeoo@cocolog-nifty.com
Lisabeth,Goudie,lgoudieop@ustream.tv
Harmonia,Snook,hsnookoq@sun.com
Merle,Blew,mblewor@i2i.jp
Max,MacDonnell,mmacdonnellos@comsenz.com
Sherman,Hammill,shammillot@mit.edu
Georgi,Duprey,gdupreyou@accuweather.com
Micky,Foffano,mfoffanoov@apache.org
Doria,Hearne,dhearneow@webs.com
Baillie,Bellfield,bbellfieldox@ucoz.com
Rowe,Poizer,rpoizeroy@pbs.org
Michel,Gregoratti,mgregorattioz@wp.com
Farris,Dowdall,fdowdallp0@kickstarter.com
Patsy,Stradling,pstradlingp1@smugmug.com
Sumner,Kitchaside,skitchasidep2@si.edu
Rutledge,Wylam,rwylamp3@netlog.com
Lenore,Southers,lsouthersp4@google.nl
Vin,Tunn,vtunnp5@addthis.com
Blanca,Stein,bsteinp6@yellowpages.com
Carey,Chopin,cchopinp7@linkedin.com
Nikos,Parkman,nparkmanp8@theguardian.com
Field,Rice,fricep9@un.org
Caro,Slee,csleepa@slate.com
Ruperta,Merredy,rmerredypb@hao123.com
Mahmoud,Swales,mswalespc@meetup.com
Fina,Simmings,fsimmingspd@yale.edu
Merilyn,Poznanski,mpoznanskipe@themeforest.net
Frederic,Simunek,fsimunekpf@gmpg.org
Rriocard,Spikings,rspikingspg@salon.com
Drucill,Springer,dspringerph@imdb.com
Maiga,Grossman,mgrossmanpi@cmu.edu
Esmaria,Gopsell,egopsellpj@etsy.com
Mattie,Povlsen,mpovlsenpk@free.fr
Loutitia,Leighton,lleightonpl@msu.edu
Margalit,Wylder,mwylderpm@parallels.com
Grover,Sear,gsearpn@twitter.com
Pat,Coldbath,pcoldbathpo@gizmodo.com
Doralynn,Bohin,dbohinpp@mail.ru
Audi,Goggin,agogginpq@chronoengine.com
Kelila,Driutti,kdriuttipr@fema.gov
Peta,Bette,pbetteps@wikispaces.com
Archaimbaud,Ranklin,aranklinpt@blogs.com
Kass,Mussalli,kmussallipu@webs.com
Karole,Skains,kskainspv@ucoz.com
Dewain,Thorrold,dthorroldpw@bloomberg.com
Elianora,Faveryear,efaveryearpx@i2i.jp
Ysabel,Fairpo,yfairpopy@wikispaces.com
Vida,Buxton,vbuxtonpz@google.co.uk
Norrie,MacLardie,nmaclardieq0@vinaora.com
Deeann,Fer,dferq1@buzzfeed.com
Marget,Merdew,mmerdewq2@va.gov
Adan,Morad,amoradq3@google.fr
Novelia,Hargreave,nhargreaveq4@nps.gov
Brose,Whipple,bwhippleq5@alexa.com
Aldridge,Whitrod,awhitrodq6@uiuc.edu
Fields,Rhodes,frhodesq7@netlog.com
Scot,Leedes,sleedesq8@tinyurl.com
Tamiko,Roddam,troddamq9@rediff.com
Ami,Alonso,aalonsoqa@wunderground.com
Lev,Kleinhaut,lkleinhautqb@patch.com
Melisse,Ashpital,mashpitalqc@histats.com
Danna,Wormstone,dwormstoneqd@stanford.edu
Flynn,Piolli,fpiolliqe@goodreads.com
Connie,Kindle,ckindleqf@nasa.gov
Baryram,Tesmond,btesmondqg@sourceforge.net
Sula,Jouannot,sjouannotqh@adobe.com
Thomasa,Schuck,tschuckqi@storify.com
Alyson,Simonini,asimoniniqj@cbc.ca
Bay,Aitchinson,baitchinsonqk@aboutads.info
Hazel,Nevill,hnevillql@amazonaws.com
Fairfax,Muddicliffe,fmuddicliffeqm@photobucket.com
Josiah,Risborough,jrisboroughqn@mail.ru
Ad,Mayow,amayowqo@sciencedaily.com
Duky,Stubbin,dstubbinqp@kickstarter.com
Dilly,Swatradge,dswatradgeqq@spiegel.de
Brennen,Orteau,borteauqr@gov.uk
Kayley,Blesdill,kblesdillqs@npr.org
Netta,Eronie,neronieqt@rakuten.co.jp
Delly,Denley,ddenleyqu@mapquest.com
Cynde,Szymczyk,cszymczykqv@telegraph.co.uk
Kari,Bispham,kbisphamqw@abc.net.au
Trev,Gethen,tgethenqx@answers.com
Monty,Purchase,mpurchaseqy@dot.gov
Carmelle,Syde,csydeqz@abc.net.au
Nestor,Drivers,ndriversr0@abc.net.au
Deana,Coopper,dcoopperr1@woothemes.com
Ebonee,Baden,ebadenr2@ow.ly
Clarabelle,Burchess,cburchessr3@mashable.com
Auria,Jellett,ajellettr4@berkeley.edu
Feliks,Fargher,ffargherr5@t-online.de
Britta,Kloska,bkloskar6@jimdo.com
Maryl,Franzetti,mfranzettir7@fda.gov
Katharina,Kopfer,kkopferr8@amazon.de
Kile,Toffler,ktofflerr9@is.gd
Aundrea,Thicking,athickingra@sfgate.com
Jo-anne,Barbary,jbarbaryrb@elpais.com
Thaddeus,Morrieson,tmorriesonrc@weather.com
Armand,Peppard,apeppardrd@earthlink.net
Randolph,Kintish,rkintishre@altervista.org
Nickolaus,Fishbourn,nfishbournrf@mozilla.org
Gordon,Broadfoot,gbroadfootrg@360.cn
Vassily,Wapple,vwapplerh@businessweek.com
Blakelee,Phelan,bphelanri@wikia.com
Berke,Tabrett,btabrettrj@baidu.com
Herbie,Guiet,hguietrk@nih.gov
Wynn,Grouen,wgrouenrl@usgs.gov
Orson,Chomley,ochomleyrm@europa.eu
Brandais,Widd,bwiddrn@baidu.com
Benjie,Shearn,bshearnro@netlog.com
Amelita,Morrice,amorricerp@hubpages.com
Katharyn,Gelletly,kgelletlyrq@biglobe.ne.jp
Charmane,Van't Hoff,cvanthoffrr@samsung.com
